,Madelon log-likelihood,cars log-likelihood
2,-21.243583564158094,-3.9185604003125327
5,-20.922156444136004,11.92731013675665
10,-20.593893580425444,20.843801685490845
15,-20.23289112431373,27.733158510518418
20,-19.926388687209485,31.47657328106788
25,-19.537038466860956,31.696819781177467
30,-19.23248605996476,35.06424320746923
35,-19.041576099549612,35.75099688509762
40,-18.793429329381503,37.77534156367773
