,Madelon SSE (left),cars SSE (left)
2,7721.812501201873,13832.155237439976
5,5605.379879858161,10583.141931379938
10,4041.4613938284174,8609.776128900477
15,3289.282923259252,7315.853103593547
20,2813.915790500082,6600.099097562272
25,2493.5079443335426,5916.117719008063
30,2259.6217332029228,5191.3067387376395
35,2097.6255144544007,4646.884933538124
40,1964.8050296993524,4214.514123042769
