,Madelon SSE (left),cars SSE (left)
2,28705.25408074417,25056.000000000007
5,20445.129041069446,20088.000000000007
10,15352.663874914237,17191.200000000004
15,12960.180399735269,14704.000000000004
20,11325.966355429731,13301.400000000001
25,10225.174335310752,12458.1
30,9350.47831314506,11751.49341908092
35,8766.868271192585,10906.052173913044
40,8250.719040520094,10114.5
