,Madelon log-likelihood,cars log-likelihood
2,-7.0433206022597155,-3.9058627975968725
5,-6.88241443257148,5.822022369371611
10,-6.72523709399032,19.012239609916016
15,-6.5927628297996295,22.583783199472645
20,-6.467240896112679,26.643612768196054
25,-6.395748717712938,30.193333867693113
30,-6.357368672114445,31.25274078139141
35,-6.26486525883413,31.292673945707538
40,-6.196128696405244,31.33260746123448
