,Madelon SSE (left),cars SSE (left)
2,7712.164865596063,19567.407407407405
5,5605.381757550555,15120.0
10,4052.7180563068932,12960.0
15,3330.013787007376,11016.0
20,2895.531919147627,10031.4
25,2563.7212238613856,9555.042533936652
30,2342.1860127007403,9151.063728428435
35,2169.897737154274,8643.893848257007
40,2036.8687261340108,8401.071328671327
