Data_Perspective,Dataset,N_Components,Best_Test_Acc
RF,Madelon,20,0.863736264
PCA,Cars,12,0.855324074
BASE,Cars,19,0.821180556
RF,Cars,16,0.815972222
RP,Cars,14,0.803819444
PCA,Madelon,5,0.789010989
ICA,Cars,14,0.710069444
ICA,Madelon,15,0.599450549
BASE,Madelon,500,0.553846154
RP,Madelon,45,0.545604396
