Algorithm,Dataset,N_Components_Maximizing_Test_Accuracy,Best_Test_Acc
ICA,cars,10,0.7077546296296297
ICA,madelon,15,0.5994505494505494
PCA,cars,12,0.8553240740740741
PCA,madelon,5,0.7890109890109891
RP,cars,35,0.8246527777777778
RP,madelon,45,0.5456043956043956
